Scanned_Time,Size,Bollinger_High,Bollinger_Low
2018-01-01 23:00:00,385614,,
2018-01-02 23:00:00,925138,,
2018-01-03 23:00:00,454309,,
2018-01-04 23:00:00,810206,,
2018-01-05 23:00:00,816045,,
2018-01-06 23:00:00,1469723,,
2018-01-07 23:00:00,1211475,,
2018-01-08 23:00:00,1283819,,
2018-01-09 23:00:00,1273882,,
2018-01-10 23:00:00,902920,1671108.5382397072,235517.66176029283
2018-01-11 23:00:00,1408576,1701830.8202359362,409387.7797640639
2018-01-12 23:00:00,1402343,1776641.3861589064,430018.2138410938
2018-01-13 23:00:00,1387354,1709759.1742432544,683509.4257567457
2018-01-14 23:00:00,1305962,1683609.7278051279,808810.0721948721
2018-01-15 23:00:00,2132340,1995141.1743194615,760537.6256805385
2018-01-16 23:00:00,2028844,2176566.295313819,690936.704686181
2018-01-17 23:00:00,1783235,2245625.9739670684,736229.0260329316
2018-01-18 23:00:00,3091560,2914256.268923737,429146.9310762633
2018-01-19 23:00:00,2017497,2971694.4447070453,520431.7552929551
2018-01-20 23:00:00,2379619,3019655.0877378676,767810.9122621322
2018-01-21 23:00:00,2455043,3118401.2306398945,878358.1693601056
2018-01-22 23:00:00,3506596,3591102.1390657406,826507.8609342594
2018-01-23 23:00:00,2748922,3632635.8431114275,1057287.756888572
2018-01-24 23:00:00,3851182,3977420.9400885366,1221546.659911463
2018-01-25 23:00:00,3010728,4044745.1787425876,1329900.0212574126
2018-01-26 23:00:00,3580635,4220011.300764784,1464992.0992352164
2018-01-27 23:00:00,3405529,4197527.737602552,1811934.4623974476
2018-01-28 23:00:00,4164166,4514041.034741446,1709942.3652585535
2018-01-29 23:00:00,3908997,4548795.824660463,2053487.5753395369
2018-01-30 23:00:00,4408269,4745408.510284577,2262604.889715424
2018-01-31 23:00:00,4130527,4721190.952573835,2621919.2474261653
2018-02-01 23:00:00,5290513,5303598.430707165,2396295.1692928346
2018-02-02 23:00:00,4511874,5303317.465486847,2749166.5345131536
2018-02-03 23:00:00,4790271,5475712.189156292,2764589.610843708
2018-02-04 23:00:00,4894253,5491367.657657921,3125639.14234208
2018-02-05 23:00:00,5958447,6003107.650618236,3089461.5493817637
2018-02-06 23:00:00,6532976,6551204.370789085,3166854.229210915
2018-02-07 23:00:00,6531575,7004450.795306448,3187089.6046935525
2018-02-08 23:00:00,6490359,7247403.217926076,3460409.5820739255
2018-02-09 23:00:00,6704108,7523561.266151963,3643419.3338480364
2018-02-10 23:00:00,5416703,7374771.13547292,4049444.664527081
2018-02-11 23:00:00,7135281,7749794.868966281,4043374.5310337194
2018-02-12 23:00:00,6385611,7675324.9417831395,4492591.858216861
2018-02-13 23:00:00,7629357,7946417.05490115,4789316.94509885
2018-02-14 23:00:00,7726698,8062053.599509158,5240169.400490842
2018-02-15 23:00:00,8120603,8457761.550855746,5276892.649144253
2018-02-16 23:00:00,6485039,8457728.638247706,5267338.161752295
2018-02-17 23:00:00,7103812,8503198.365115507,5336315.834884492
2018-02-18 23:00:00,7467841,8603816.207914902,5431194.392085099
2018-02-19 23:00:00,9739883,9635615.597206915,5006550.002793085
2018-02-20 23:00:00,8247820,9546020.29885546,5662368.701144541
2018-02-21 23:00:00,8841463,9830038.5046663,5719586.8953337
2018-02-22 23:00:00,7481870,9715000.162419375,6053877.037580625
2018-02-23 23:00:00,9433245,10124814.846179044,6004839.953820957
2018-02-24 23:00:00,8051449,10143793.784089964,6050811.215910035
2018-02-25 23:00:00,8012922,10133613.884032512,6039454.915967489
2018-02-26 23:00:00,11304807,11141721.653515868,5995300.746484131
2018-02-27 23:00:00,10530861,11529882.732037237,6292549.467962762
2018-02-28 23:00:00,9325788,11516609.02811929,6677412.571880711
2018-03-01 23:00:00,10599869,11760162.487262532,6605856.312737469
2018-03-02 23:00:00,9916871,11873515.638513718,6826313.361486282
2018-03-03 23:00:00,11561887,12467889.266504776,6776024.533495225
2018-03-04 23:00:00,9299568,12245679.915448649,7361773.48455135
2018-03-05 23:00:00,11664311,12713740.3684195,7339926.231580501
2018-03-06 23:00:00,10533620,12582755.265253913,7967345.534746088
2018-03-07 23:00:00,13357874,13260133.211067308,8358957.9889326915
2018-03-08 23:00:00,11197425,13240675.325642563,8356939.474357438
2018-03-09 23:00:00,13217567,13932817.343130808,8202138.656869193
2018-03-10 23:00:00,11977849,13962836.612449825,8702531.587550174
2018-03-11 23:00:00,12332317,14149742.676757004,8862115.123242997
2018-03-12 23:00:00,11794337,14091130.331771059,9296220.668228941
2018-03-13 23:00:00,13951628,14716924.637274418,9148374.562725581
2018-03-14 23:00:00,12864203,14408487.493399754,10169738.706600245
2018-03-15 23:00:00,14154004,14902072.987963995,10174091.812036006
2018-03-16 23:00:00,15087891,15395687.38447034,10591331.61552966
2018-03-17 23:00:00,13959578,15525553.135864008,10581806.664135993
2018-03-18 23:00:00,15280701,15920053.729450483,11003961.270549517
2018-03-19 23:00:00,14915184,16244410.33137164,11019128.068628358
2018-03-20 23:00:00,16868145,17154347.3328132,11087250.267186802
2018-03-21 23:00:00,15787860,17379296.3027288,11553409.897271201
2018-03-22 23:00:00,16899317,17581577.312972855,12372124.887027144
2018-03-23 23:00:00,16937469,18037621.32676678,12513249.073233215
2018-03-24 23:00:00,18311802,18617385.085433938,13023005.114566062
2018-03-25 23:00:00,19107173,19525167.86261829,13105856.13738171
2018-03-26 23:00:00,17686348,19763962.01628775,13386753.383712247
2018-03-27 23:00:00,18790554,19934189.226844028,14182721.373155972
2018-03-28 23:00:00,19451034,20414271.97577836,14536705.224221643
2018-03-29 23:00:00,20907004,21134224.30720461,15015116.892795391
2018-03-30 23:00:00,21833065,22298940.393700354,14843384.80629965
2018-03-31 23:00:00,20990124,22533932.129539613,15648845.870460387
2018-04-01 23:00:00,20974877,22747624.092853032,16250265.907146968
2018-04-02 23:00:00,21432661,22847025.82161392,17049902.57838608
2018-04-03 23:00:00,23021779,23647942.53240602,17190981.267593976
2018-04-04 23:00:00,23307672,24386478.10475337,17292545.49524663
2018-04-05 23:00:00,20532959,23924839.144299008,18323506.65570099
2018-04-06 23:00:00,21896290,23728140.269785672,19141352.730214328
2018-04-07 23:00:00,22578892,23660044.061835032,19835020.53816497
2018-04-08 23:00:00,23845404,24258576.36304517,19824168.23695483
2018-04-09 23:00:00,24003854,24788070.95025791,19728831.44974209
2018-04-10 23:00:00,23019191,24860992.691658355,20061723.10834164
2018-04-11 23:00:00,24036593,25104705.92730144,20430353.07269856
2018-04-12 23:00:00,24348943,25383799.645484462,20734515.754515536
2018-04-13 23:00:00,23274317,25412732.70790032,20756090.29209968
2018-04-14 23:00:00,24959810,25865113.144186288,20634137.455813713
2018-04-15 23:00:00,23844094,25378082.920002934,21783394.679997068
2018-04-16 23:00:00,26308073,26121981.05644459,21921853.143555414
2018-04-17 23:00:00,28445181,27872130.38423263,21344961.61576737
2018-04-18 23:00:00,26429516,28268296.437558413,21465617.962441586
2018-04-19 23:00:00,28691894,29430088.81301842,21241433.58698158
2018-04-20 23:00:00,30993655,31210563.605199397,21055851.594800606
2018-04-21 23:00:00,35122849,34609369.39356519,19874297.006434802
2018-04-22 23:00:00,31739427,35538921.834610395,20422841.365389608
2018-04-23 23:00:00,35021325,37103910.265026435,21207254.53497356
2018-04-24 23:00:00,36352510,38815616.84615519,21774087.953844808
2018-04-25 23:00:00,39853218,41023952.50047047,22767577.099529535
2018-04-26 23:00:00,41979987,43647627.09848795,23278285.301512048
2018-04-27 23:00:00,38257919,44367749.54900021,24520710.45099979
2018-04-28 23:00:00,37894210,43919880.79730874,27261518.002691254
2018-04-29 23:00:00,42105797,44619136.31122225,29245043.08877776
2018-04-30 23:00:00,40952794,44724625.44149761,31131381.758502394
2018-05-01 23:00:00,40724043,45179685.20260886,31796560.79739114
2018-05-02 23:00:00,52387688,50115984.45859731,30989913.741402693
2018-05-03 23:00:00,56136529,55547362.81162034,29781576.18837966
2018-05-04 23:00:00,59163013,60633580.58742379,29257459.012576208
2018-05-05 23:00:00,62349633,65815604.84679009,28574717.7532099
2018-05-06 23:00:00,59570785,68676044.79016468,29232437.40983532
2018-05-07 23:00:00,46947648,68168064.1665885,31478363.833411496
2018-05-08 23:00:00,43066369,67439866.30692667,33240993.493073322
2018-05-09 23:00:00,45254601,67187354.76813605,34123265.83186395
2018-05-10 23:00:00,37222627,67918756.53170937,32645830.668290634
2018-05-11 23:00:00,40501050,67950650.40127864,32569338.19872134
2018-05-12 23:00:00,43615187,67470052.96246234,31295435.437537666
2018-05-13 23:00:00,39264345,66127267.684975594,29263783.915024396
2018-05-14 23:00:00,39805788,62856456.37022063,28663150.229779363
2018-05-15 23:00:00,47114746,56904178.07000145,31568451.129998546
2018-05-16 23:00:00,43740900,49356862.423097186,35949789.77690282
2018-05-17 23:00:00,44968257,48696293.41197448,36214480.58802552
2018-05-18 23:00:00,51203463,51626910.00877415,34911282.79122585
2018-05-19 23:00:00,50454086,53267622.883519545,34310466.91648045
2018-05-20 23:00:00,53491062,55453436.47074292,35378340.32925708
2018-05-21 23:00:00,55922123,58294019.20597538,35621972.19402462
2018-05-22 23:00:00,58498114,61594791.04145062,35297785.75854938
2018-05-23 23:00:00,57052701,62645657.468143955,37804590.531856045
2018-05-24 23:00:00,58429198,63065581.48869717,41109348.51130283
2018-05-25 23:00:00,54156946,63242913.592553355,42340456.407446645
2018-05-26 23:00:00,53197261,62039098.939057,45435543.260943
2018-05-27 23:00:00,56447494,60555446.565884896,49215043.0341151
2018-05-28 23:00:00,57859595,60850795.3462727,50250920.6537273
2018-05-29 23:00:00,52616342,60257457.00445609,51276710.195543915
2018-05-30 23:00:00,55088790,60163852.41964992,51689860.380350076
2018-05-31 23:00:00,61544869,62018560.155560784,50959701.844439216
2018-06-01 23:00:00,56534883,61641679.98150161,50943935.81849839
2018-06-02 23:00:00,55148653,61466588.29266595,50738217.90733405
2018-06-03 23:00:00,58715203,61553063.691576876,50708943.50842313
2018-06-04 23:00:00,54692513,61529997.55597534,50839123.044024654
2018-06-05 23:00:00,51606962,61840009.17770935,50211051.62229065
2018-06-06 23:00:00,56939138,61913295.16354802,50236094.43645197
2018-06-07 23:00:00,67253742,66195274.997349195,47832944.002650805
2018-06-08 23:00:00,65998945,68531620.01085766,48173119.58914234
2018-06-09 23:00:00,59637236,68741881.99190587,48872546.80809413
2018-06-10 23:00:00,66100571,70129502.41334237,48396066.78665763
2018-06-11 23:00:00,66806535,71925308.56457114,48654591.03542886
2018-06-12 23:00:00,62679962,72162946.89745133,49923214.50254868
2018-06-13 23:00:00,68248374,73840286.17393625,50152509.42606375
2018-06-14 23:00:00,72576992,76118027.46709299,51451663.93290701
2018-06-15 23:00:00,80551262,79866410.87891214,53492140.52108787
2018-06-16 23:00:00,71647699,79686681.89118563,56613581.70881436
2018-06-17 23:00:00,69255718,79887226.50635901,56813432.293641
2018-06-18 23:00:00,70042902,80208505.12590374,57300945.07409625
2018-06-19 23:00:00,99300328,93673515.83237177,51768552.76762822
2018-06-20 23:00:00,60800455,94132613.23182844,50249432.16817157
2018-06-21 23:00:00,63134372,94282725.68635684,49364887.11364318
2018-06-22 23:00:00,94100613,100341514.81625433,49590228.18374567
2018-06-23 23:00:00,96008675,105785032.99252948,49698770.20747051
2018-06-24 23:00:00,72169229,105778799.33184099,49623451.268159
2018-06-25 23:00:00,67140487,105105825.58713011,47614270.01286988
2018-06-26 23:00:00,79232961,105711604.97222507,48525543.02777492
2018-06-27 23:00:00,89516748,108130132.93755868,50159221.06244131
2018-06-28 23:00:00,91585188,110479336.4320435,52118474.767956495
2018-06-29 23:00:00,63492219,105850119.03925577,49586070.360744245
2018-06-30 23:00:00,69253284,104885955.49268934,52240799.70731065
2018-07-01 23:00:00,72236923,103992649.45654897,54954615.94345103
2018-07-02 23:00:00,94348101,104083427.00487682,54913335.995123185
2018-07-03 23:00:00,73907914,99093240.74661306,55483370.05338696
2018-07-04 23:00:00,73049724,99096364.25398132,55656345.54601869
2018-07-05 23:00:00,92745994,102320887.2712619,57552923.92873809
2018-07-06 23:00:00,117955464,116620522.1605538,50997789.639446214
2018-07-07 23:00:00,113802866,124128736.6385,48346798.7615
2018-07-08 23:00:00,102833854,126603001.06635469,48122267.5336453
2018-07-09 23:00:00,109442697,129499671.41154993,54415692.78845007
2018-07-10 23:00:00,101640924,129479786.54036784,60913105.65963215
2018-07-11 23:00:00,100477846,128319274.94991764,67721801.85008237
2018-07-12 23:00:00,118699491,133253804.01896597,67657550.78103404
2018-07-13 23:00:00,115682126,132703771.42144875,76562425.77855124
2018-07-14 23:00:00,153432183,146075423.6196763,79267265.38032371
2018-07-15 23:00:00,154238284,158053687.7618069,79587459.23819311
2018-07-16 23:00:00,162170724,171067114.03920388,75417084.96079612
2018-07-17 23:00:00,171264689,184897557.11173874,73079006.48826125
2018-07-18 23:00:00,170123649,193791652.6279732,77642869.97202684
2018-07-19 23:00:00,133311291,193268092.73583648,82940148.6641635
2018-07-20 23:00:00,161917801,194557066.7973731,93706550.00262693
2018-07-21 23:00:00,149675569,189074425.80695903,109028735.59304094
2018-07-22 23:00:00,172754843,190681788.1555317,118232443.64446831
2018-07-23 23:00:00,191593309,193684055.7095623,130412412.69043767
2018-07-24 23:00:00,193457295,202589604.52475357,129511886.27524646
2018-07-25 23:00:00,307719750,277034462.0639772,85763321.93602282
2018-07-26 23:00:00,266988953,300275292.6089264,83486137.19107357
2018-07-27 23:00:00,267097230,318368927.7409353,84559010.2590647
2018-07-28 23:00:00,288196990,339580449.4030965,86962156.79690349
2018-07-29 23:00:00,191263670,333863725.53002125,104269356.46997873
2018-07-30 23:00:00,197407675,331608006.0674656,113623050.73253441
2018-07-31 23:00:00,242775383,328414967.93863183,135436051.6613682
2018-08-01 23:00:00,221859433,324540059.57859564,149131878.02140436
2018-08-02 23:00:00,251628770,324811108.9154915,160867920.8845085
2018-08-03 23:00:00,232845209,321684652.97810185,171871959.62189817
2018-08-04 23:00:00,244992290,302043330.4855206,178967790.1144794
2018-08-05 23:00:00,275803609,304833699.73190993,177940352.0680901
2018-08-06 23:00:00,294084645,314325114.88132596,173846419.91867405
2018-08-07 23:00:00,306308103,321889688.88534415,169904068.51465586
2018-08-08 23:00:00,300333734,329168692.49419284,184439077.70580715
2018-08-09 23:00:00,276232510,324354797.868866,205017939.331134
2018-08-10 23:00:00,317607635,338069537.5502979,206269650.0497021
2018-08-11 23:00:00,359328795,361773522.1903915,210059537.80960852
2018-08-12 23:00:00,354430028,378951384.17012507,213441927.42987496
2018-08-13 23:00:00,369466169,391228316.09063977,228489187.50936025
2018-08-14 23:00:00,372643632,398641604.07428014,246606167.92571986
2018-08-15 23:00:00,478806081,460457673.7946308,225390592.60536915
2018-08-16 23:00:00,439395025,483755740.9604318,231154601.43956813
2018-08-17 23:00:00,353878861,483432150.08084923,240992343.91915077
2018-08-18 23:00:00,366090801,481956048.2527769,255619859.14722306
2018-08-19 23:00:00,379593408,471734793.574775,286513293.425225
2018-08-20 23:00:00,367491581,466843312.83757555,301381563.3624245
2018-08-21 23:00:00,326612637,470245913.2318634,291435731.36813664
2018-08-22 23:00:00,376889100,470652585.8654236,295520873.1345764
2018-08-23 23:00:00,307978863,476559741.87301075,277316255.9269892
2018-08-24 23:00:00,322015136,477435792.3984254,266314506.20157462
2018-08-25 23:00:00,331629132,433435522.9187252,280879385.88127476
2018-08-26 23:00:00,349108001,397918864.4486138,298338639.5513862
2018-08-27 23:00:00,340493354,396612966.23975396,296967436.36024606
2018-08-28 23:00:00,383277926,402317190.6002232,294700636.99977684
2018-08-29 23:00:00,352205382,395152526.73039496,296387695.669605
2018-08-30 23:00:00,326664144,389823422.0828804,293551312.9171196
2018-08-31 23:00:00,356786311,392422027.2429294,296987442.55707055
2018-09-01 23:00:00,339957516,383034974.8232931,298988178.1767069
2018-09-02 23:00:00,349408526,380312158.8046216,309996926.79537845
2018-09-03 23:00:00,282274870,392999099.94171286,289361932.4582871
2018-09-04 23:00:00,229954877,418668403.29700017,243357778.1029998
2018-09-05 23:00:00,185556358,440166832.5483851,189149020.25161487
2018-09-06 23:00:00,204227413,442631207.89413947,159431456.70586056
2018-09-07 23:00:00,183069377,427458579.9138609,134562374.88613904
2018-09-08 23:00:00,193494357,411695838.1723243,118582911.62767571
2018-09-09 23:00:00,195530767,397579017.8712357,106473056.52876428
2018-09-10 23:00:00,211050515,364378760.17046165,110526155.02953835
2018-09-11 23:00:00,189762255,329431064.2422216,115434798.7577784
2018-09-12 23:00:00,228603649,270777770.5296366,149927117.07036337
2018-09-13 23:00:00,226077281,241088112.2001266,168377257.59987342
2018-09-14 23:00:00,220213993,237541477.8055827,169975715.1944173
2018-09-15 23:00:00,233388661,244354383.38611534,172729270.21388468
2018-09-16 23:00:00,262711117,263648593.85254636,165131800.5474536
2018-09-17 23:00:00,231317220,264095670.63716215,174334292.36283785
2018-09-18 23:00:00,268341363,277136727.49371374,176262636.70628628
2018-09-19 23:00:00,238272895,276695341.4642054,185252448.33579463
2018-09-20 23:00:00,319488037,311628364.80035526,172006929.39964473
2018-09-21 23:00:00,279062930,313447857.73011416,188047571.46988583
2018-09-22 23:00:00,320499917,334102204.52512294,185772478.27487707
2018-09-23 23:00:00,300856138,341486115.23294216,193344338.96705782
2018-09-24 23:00:00,354928327,365109666.1453155,196663654.8546845
2018-09-25 23:00:00,326067243,371495231.8958697,208813805.5041303
2018-09-26 23:00:00,377144426,396796604.5091193,206399094.69088078
2018-09-27 23:00:00,327763366,393451920.4017877,229033007.99821228
2018-09-28 23:00:00,337335664,395804175.3916827,240479613.20831734
2018-09-29 23:00:00,319207747,380139620.7299047,272331138.2700953
2018-09-30 23:00:00,477461630,451305156.48825073,232760321.11174926
2018-10-01 23:00:00,468010516,486007245.03530574,235847749.76469418
2018-10-02 23:00:00,481806134,519382331.6401528,234733906.55984727
2018-10-03 23:00:00,479530212,539574916.7847058,250276136.21529424
2018-10-04 23:00:00,475639733,556864218.3372185,257129115.86278152
2018-10-05 23:00:00,492990999,570650467.6586086,276727617.7413914
2018-10-06 23:00:00,525666211,594349943.5445945,282732498.85540545
2018-10-07 23:00:00,478318328,589677756.6072115,317515678.1927885
2018-10-08 23:00:00,434247646,574011137.2378716,352564693.96212846
2018-10-09 23:00:00,419853499,531847194.8118226,414857786.78817743
2018-10-10 23:00:00,456773311,530590214.34725153,411977103.4527484
2018-10-11 23:00:00,465359085,530413749.505551,411623282.09444904
2018-10-12 23:00:00,476825554,529596320.0982045,411444595.50179553
2018-10-13 23:00:00,493088803,532473989.69892794,411278644.101072
2018-10-14 23:00:00,490353419,535055837.7802828,411639533.2197172
2018-10-15 23:00:00,469555832,531157173.02027214,410851164.5797279
2018-10-16 23:00:00,450311733,510674050.8263211,416263391.1736789
2018-10-17 23:00:00,431850269,508608391.3856812,409035438.81431884
2018-10-18 23:00:00,466848014,508897452.22725576,415266451.5727442
2018-10-19 23:00:00,396011905,517265034.77506083,402130550.22493917
2018-10-20 23:00:00,446265537,516831790.4146242,400462239.78537583
2018-10-21 23:00:00,429494569,515772964.05251175,394348162.94748825
2018-10-22 23:00:00,495020864,521459051.9634374,392301137.0365626
2018-10-23 23:00:00,431244584,511604099.36922896,389787245.8307711
2018-10-24 23:00:00,529469659,530110727.2108819,379103865.98911816
2018-10-25 23:00:00,479388531,532207103.00151455,378974029.99848545
2018-10-26 23:00:00,498161309,541378005.7873338,379373042.41266626
2018-10-27 23:00:00,519111774,555093804.5685786,383109544.63142145
2018-10-28 23:00:00,658485776,635577229.2108064,340953672.38919365
2018-10-29 23:00:00,656576889,680126817.858359,348517080.541641
2018-10-30 23:00:00,666077021,719389646.9997536,353216548.20024645
2018-10-31 23:00:00,629610600,731071834.9318675,381557566.4681326
2018-11-01 23:00:00,679740433,759514651.0033149,390058664.1966852
2018-11-02 23:00:00,674114565,762567582.8836048,435579728.51639533
2018-11-03 23:00:00,754262217,803308178.3310355,439797644.6689645
2018-11-04 23:00:00,691646608,798450402.7419391,487107035.658061
2018-11-05 23:00:00,732170456,792892649.2184435,539466618.5815564
2018-11-06 23:00:00,723609646,764414699.5527723,608844142.6472278
2018-11-07 23:00:00,760320518,784283571.0438278,609342219.5561721
2018-11-08 23:00:00,738654038,791103508.7199874,618937711.6800127
2018-11-09 23:00:00,672977593,790507122.2832186,620914212.5167813
2018-11-10 23:00:00,665536645,781942872.2363052,636663671.5636947
2018-11-11 23:00:00,625069772,792767100.0755218,614905311.5244781
2018-11-12 23:00:00,597565924,806973662.5742108,585389020.8257893
2018-11-13 23:00:00,691346122,792895145.4201905,586884318.9798096
2018-11-14 23:00:00,654009912,791567740.8236996,580684384.3763005
2018-11-15 23:00:00,740795707,794230010.5627999,579747164.8372002
2018-11-16 23:00:00,654920851,785722841.6128523,574516574.7871478
2018-11-17 23:00:00,804415655,807302587.4652765,561755856.3347235
2018-11-18 23:00:00,789342795,825758750.7303959,553437444.4696041
2018-11-19 23:00:00,866144201,883875489.7338347,533954027.06616527
2018-11-20 23:00:00,942712008,961697425.4292786,511567163.9707215
2018-11-21 23:00:00,983802678,1030489457.7784353,514521712.82156456
2018-11-22 23:00:00,956055750,1057785528.166469,558923607.633531
2018-11-23 23:00:00,1148941748,1167769875.2668965,540458385.7331035
2018-11-24 23:00:00,1124707451,1222554742.1830819,579813026.6169181
2018-11-25 23:00:00,1178819463,1287881728.0335324,602090791.9664676
2018-11-26 23:00:00,1090388749,1273403112.0198424,703662987.5801575
2018-11-27 23:00:00,1138925291,1288749481.990831,755218544.809169
2018-11-28 23:00:00,1102316866,1266879941.166411,839682899.8335892
2018-11-29 23:00:00,1189886949,1269218621.689825,902092768.9101747
2018-11-30 23:00:00,1185603936,1272523603.5131683,947366172.6868315
2018-12-01 23:00:00,1133328565,1261313144.1557832,988481809.4442167
2018-12-02 23:00:00,1246973479,1247803454.440493,1060175044.9595071
2018-12-03 23:00:00,1367888394,1340181867.9686668,1011585960.6313331
2018-12-04 23:00:00,1301444901,1370894761.9119234,1016220556.6880765
2018-12-05 23:00:00,1453503974,1461921405.270231,980130815.5297693
2018-12-06 23:00:00,1613781399,1600212490.10261,946518260.6973901
2018-12-07 23:00:00,1683377822,1728231821.2449539,927389435.7550461
2018-12-08 23:00:00,1564897449,1765489568.5741596,982647805.0258403
2018-12-09 23:00:00,1490559294,1778497572.4532685,1029774270.1467314
2018-12-10 23:00:00,1328381160,1765640098.6976953,1071187188.702305
2018-12-11 23:00:00,1355917053,1730463016.93356,1150881968.06644
2018-12-12 23:00:00,1498652789,1722710379.8410525,1208970467.1589475
2018-12-13 23:00:00,1613383271,1752524237.1229148,1228255585.2770853
2018-12-14 23:00:00,1490468031,1735698177.9071627,1282886270.4928374
2018-12-15 23:00:00,1706059592,1788022185.2059498,1281073386.7940502
2018-12-16 23:00:00,1568191880,1778725177.4004877,1281252490.7995121
2018-12-17 23:00:00,1517064398,1737539781.629797,1289175201.770203
2018-12-18 23:00:00,1270352954,1751234725.658501,1216571358.7414992
2018-12-19 23:00:00,1384998025,1747753421.3734362,1198940409.2265637
2018-12-20 23:00:00,1190949943,1776720554.1568205,1142487033.0431793
2018-12-21 23:00:00,1402568855,1775932071.526793,1152605876.073207
2018-12-22 23:00:00,1332443024,1768746466.2989554,1126549528.3010445
2018-12-23 23:00:00,1582572365,1759121959.746392,1130011853.653608
2018-12-24 23:00:00,1301218375,1750525734.5073738,1100758147.692626
2018-12-25 23:00:00,1611467225,1708672805.9251983,1123692602.8748019
2018-12-26 23:00:00,1484655781,1685415900.6400778,1130242288.3599222
2018-12-27 23:00:00,1717412458,1763368860.9087813,1092358940.0912187
2018-12-28 23:00:00,1462927893,1764036613.4322968,1130206175.3677034
2018-12-29 23:00:00,1604251718,1797005252.6055777,1141088274.7944224
2018-12-30 23:00:00,1373727719,1762529386.6714993,1212119695.9285007
2018-12-31 23:00:00,1503878838,1766175954.1364067,1228735125.0635931
2019-01-01 23:00:00,1428090873,1755698128.7549994,1258342520.2450006
2019-01-02 23:00:00,1570240055,1752917179.0413177,1258657007.9586823
2019-01-03 23:00:00,1398728692,1732668083.9344888,1298408166.4655113
2019-01-04 23:00:00,1683048677,1757853140.0791817,1287539400.7208185
2019-01-05 23:00:00,1494925528,1758230561.8143425,1289215928.3856573
2019-01-06 23:00:00,1757664158,1777892021.1280725,1277604809.0719273
2019-01-07 23:00:00,1919561193,1919340934.3577287,1227482555.842271
2019-01-08 23:00:00,2212666702,2167557274.2255735,1100949212.7744265
2019-01-09 23:00:00,2174169966,2310394184.7799797,1118200751.6200204
2019-01-10 23:00:00,2625244631,2631776769.3606434,1021091325.6393565
2019-01-11 23:00:00,2574754781,2817740703.541375,1064460173.0586249
2019-01-12 23:00:00,2811234310,3052836707.6808224,1077563019.9191775
2019-01-13 23:00:00,2741600420,3148805656.9051104,1250168416.2948895
2019-01-14 23:00:00,3023617701,3335870873.5450807,1331217004.4549193
2019-01-15 23:00:00,2793279359,3306649922.7825475,1620108721.4174523
2019-01-16 23:00:00,2910040064,3299314673.696143,1857919151.7038565
2019-01-17 23:00:00,2845581589,3236836082.4931297,2105601822.1068707
2019-01-18 23:00:00,3233689982,3339666600.7908316,2206975959.809169
2019-01-19 23:00:00,2963020439,3238905042.42304,2465507612.77696
2019-01-20 23:00:00,2918389767,3234747866.05905,2528293816.3409495
2019-01-21 23:00:00,2971831660,3203295990.276148,2639161067.923852
2019-01-22 23:00:00,2925303748,3203954320.9796925,2661316624.8203077
2019-01-23 23:00:00,3016504792,3199210965.9578366,2721040854.242163
2019-01-24 23:00:00,3124809642,3229027970.7127175,2711462237.687282
2019-01-25 23:00:00,2966462749,3214991057.648291,2760135828.7517085
2019-01-26 23:00:00,3217521711,3279755380.3665757,2756867835.4334245
2019-01-27 23:00:00,3004675569,3266708134.856959,2801733876.9430413
2019-01-28 23:00:00,3362854549,3336317822.491892,2757957102.708108
2019-01-29 23:00:00,3587516662,3548824471.21706,2670349698.58294
2019-01-30 23:00:00,4234729020,4055047197.0241084,2427394823.375891
2019-01-31 23:00:00,4110658844,4308195348.225644,2402012108.9743557
2019-02-01 23:00:00,4264820907,4544683720.631367,2433427168.3686337
2019-02-02 23:00:00,4173379337,4683517734.626964,2525968063.3730364
2019-02-03 23:00:00,4415973063,4865131332.998802,2602587149.2011976
2019-02-04 23:00:00,4556354928,4991195356.861133,2794501561.1388674
2019-02-05 23:00:00,4886692647,5208169311.483715,2911361793.716285
2019-02-06 23:00:00,4575669597,5129373115.759277,3304356795.040723
2019-02-07 23:00:00,4222648306,4992541595.95117,3613147066.248831
2019-02-08 23:00:00,4227558894,4849108986.734643,3884588121.8653574
2019-02-09 23:00:00,4331956123,4850847616.304929,3902294912.8950715
2019-02-10 23:00:00,4933788427,5007878434.414713,3909890011.385286
2019-02-11 23:00:00,5039416478,5174916928.474905,3897770631.5250945
2019-02-12 23:00:00,4776319320,5195520686.165629,3997754870.434371
2019-02-13 23:00:00,4934682666,5267366216.546009,4029651260.653991
2019-02-14 23:00:00,4700684175,5278972744.306393,4046910582.2936077
2019-02-15 23:00:00,5046948905,5328305759.603907,4029628818.596094
2019-02-16 23:00:00,4525093018,5327597320.799323,4020221941.6006765
2019-02-17 23:00:00,4981692493,5344202919.455395,4155425180.344605
2019-02-18 23:00:00,4818516132,5276512297.726928,4341307249.673072
2019-02-19 23:00:00,4581792938,5204971584.021162,4462815326.378838
2019-02-20 23:00:00,4686284488,5183609366.935136,4434676755.664865
2019-02-21 23:00:00,5285834241,5297414356.648204,4370155318.551797
2019-02-22 23:00:00,6735246246,6314141357.185951,3745213703.214049
2019-02-23 23:00:00,7030332580,7036348618.046379,3442136425.1536217
2019-02-24 23:00:00,6318014701,7272244513.070972,3529706635.329027
2019-02-25 23:00:00,6526255040,7526648005.824211,3571164369.575789
2019-02-26 23:00:00,6404560648,7637905567.291621,3835800334.1083784
2019-02-27 23:00:00,6704524025,7818272907.945226,3999999299.8547735
2019-02-28 23:00:00,6485993221,7848022725.522616,4303744900.077384
2019-03-01 23:00:00,7048210623,7838494211.50209,4806556951.09791
2019-03-02 23:00:00,7294205464,7690388628.104254,5476246729.695745
2019-03-03 23:00:00,8039666527,7899372307.143904,5818029507.856096
2019-03-04 23:00:00,8223205943,8351119459.301907,5663874295.098093
2019-03-05 23:00:00,8512032805,8802959227.544436,5508374571.855565
2019-03-06 23:00:00,8770005252,9215465803.385473,5586266106.214527
2019-03-07 23:00:00,10352777692,10268437129.018906,5298599310.981094
2019-03-08 23:00:00,10783340983,11132935774.99167,5309856732.008329
2019-03-09 23:00:00,10608834860,11663092123.88575,5560562550.11425
2019-03-10 23:00:00,10650794380,11922873000.3116,6133741905.4884
2019-03-11 23:00:00,8810870932,11757780172.73397,6651366794.866028
2019-03-12 23:00:00,7689617958,11675154205.613659,6813075260.786342
2019-03-13 23:00:00,7772008907,11712377813.957718,6722320128.442283
2019-03-14 23:00:00,8341488494,11704301665.169403,6754052787.430595
2019-03-15 23:00:00,9061854254,11712465842.451916,6855852899.948085
2019-03-16 23:00:00,9510634612,11761885817.367071,6954558797.03293
2019-03-17 23:00:00,9216468674,11544488018.380337,6944694792.419663
2019-03-18 23:00:00,9110031852,11107234726.887959,7047286257.712039
2019-03-19 23:00:00,9255599855,10677160323.064634,7206713660.535365
2019-03-20 23:00:00,9508730936,10168606137.855648,7486855156.944352
2019-03-21 23:00:00,9595947509,10331973095.040228,7480503515.159772
2019-03-22 23:00:00,9978109174,10420672843.085352,7849502010.31465
2019-03-23 23:00:00,10497043823,10557084108.374859,8258097728.22514
2019-03-24 23:00:00,14237683278,13102024534.462418,6892396258.937583
2019-03-25 23:00:00,14226108409,14515382350.601334,6511889273.798668
2019-03-26 23:00:00,14018805415,15450445248.5892,6478460536.410801
2019-03-27 23:00:00,14855162744,16435549347.727854,6621095251.272146
2019-03-28 23:00:00,14703054137,17044531164.421484,7130717891.578516
2019-03-29 23:00:00,14664521197,17388487126.196915,7868546198.203087
2019-03-30 23:00:00,17095955606,18351436155.491837,8423042102.908164
2019-03-31 23:00:00,17774839579,19087524618.039307,9322732054.360697
2019-04-01 23:00:00,18275489217,19529333576.93437,10540399104.065632
2019-04-02 23:00:00,18498903279,19514138745.729416,12155965826.470583
2019-04-03 23:00:00,18166362767,19987071569.886406,12468768900.113596
2019-04-04 23:00:00,21159201016,21506168339.417847,12336290651.982153
2019-04-05 23:00:00,21428050377,22547343503.639694,12776964480.160309
2019-04-06 23:00:00,21760571377,23423122434.3849,13282267276.015102
2019-04-07 23:00:00,21695050983,23803897427.664288,14299891651.93571
2019-04-08 23:00:00,21892109701,23684891775.009903,15864415005.3901
2019-04-09 23:00:00,22956542566,24243252403.799324,16478171768.600676
2019-04-10 23:00:00,21943521985,24305092998.927902,17250067654.672096
2019-04-11 23:00:00,22424180410,24370652695.863617,18014246196.33638
2019-04-12 23:00:00,25871013976,25696543651.8261,18162777379.7739
2019-04-13 23:00:00,26818867747,26692575409.68735,18897246617.912647
2019-04-14 23:00:00,25918544224,27434066570.31991,19107624098.88009
2019-04-15 23:00:00,26097222879,28027819536.604042,19447705632.995956
2019-04-16 23:00:00,24588089243,28098891449.877502,19942137292.9225
2019-04-17 23:00:00,27967358573,29052804041.224213,20242686219.57579
2019-04-18 23:00:00,27854856536,29605305352.410988,20882734275.389015
2019-04-19 23:00:00,26825478005,29771145111.45172,21490681604.148277
2019-04-20 23:00:00,27373677367,29511268501.77884,22836589290.22116
2019-04-21 23:00:00,27405430012,28783906831.972965,24560200880.427036
2019-04-22 23:00:00,34196034018,32628479853.50014,22380631867.299862
2019-04-23 23:00:00,23175796740,32952635308.873726,21327862210.526276
2019-04-24 23:00:00,25370166165,32959050473.37239,21211771434.227608
2019-04-25 23:00:00,23772705631,33074118661.993942,20631799796.006058
2019-04-26 23:00:00,23168011787,33220052638.376305,20201850328.4237
2019-04-27 23:00:00,24385418556,32948224286.708897,19757290676.691105
2019-04-28 23:00:00,22745375852,32706263157.47427,18977355669.12573
2019-04-29 23:00:00,25479625095,32538657135.784492,18875791108.815506
2019-04-30 23:00:00,27438493400,32552285177.60793,18875126273.592068
2019-05-01 23:00:00,25798601809,32289687647.82296,18816358162.77704
2019-05-02 23:00:00,29017194650,29075368540.203926,20994909396.796074
2019-05-03 23:00:00,29793016856,30482453338.44107,20911268621.758926
2019-05-04 23:00:00,27791073552,30893060206.01322,20984843231.586777
2019-05-05 23:00:00,33274534389,33397653987.78237,20380615201.417625
2019-05-06 23:00:00,30730526977,33987563532.96707,21303208694.232925
2019-05-07 23:00:00,33356217243,35355555124.88406,21729376839.71593
2019-05-08 23:00:00,30445960255,34831302455.55864,23793746389.641357
2019-05-09 23:00:00,35534039745,36370882905.381256,24265048869.81874
2019-05-10 23:00:00,35840377162,37743712853.3229,24572595674.277103
2019-05-11 23:00:00,36051641340,38231065297.12773,26135851136.672276
2019-05-12 23:00:00,33734601933,38329543522.07089,26980854368.32911
2019-05-13 23:00:00,33205665870,38304413002.459656,27688514690.740345
2019-05-14 23:00:00,34151340109,37495970887.04293,29769010117.55707
2019-05-15 23:00:00,26467941644,38920424541.38554,26983237914.214462
2019-05-16 23:00:00,26526693012,39672416496.95448,25390479165.645515
2019-05-17 23:00:00,27077660558,39787661866.926735,24019522458.673264
2019-05-18 23:00:00,25956572600,40174583053.58974,22734723741.01026
2019-05-19 23:00:00,25762222571,39354337352.32551,21600606007.474495
2019-05-20 23:00:00,25047520830,37997209521.39284,20799162572.007168
2019-05-21 23:00:00,24567167712,35916497175.386604,20582980192.4134
2019-05-22 23:00:00,23953590470,34297289395.55893,20245985679.641068
2019-05-23 23:00:00,24149933944,32230883261.2461,20501245428.7539
2019-05-24 23:00:00,24678056547,27594947634.020287,23242524343.579712
2019-05-25 23:00:00,25709197318,27406486684.992764,23279236427.407238
2019-05-26 23:00:00,25625499464,27159332736.30249,23346151666.497513
2019-05-27 23:00:00,28750361932,28152709060.231297,22687315617.368702
2019-05-28 23:00:00,28120753537,28857190092.95427,22415670772.04573
2019-05-29 23:00:00,29966904302,30289531314.28064,21824265896.919357
2019-05-30 23:00:00,29669431195,31242765088.577717,21795414195.62228
2019-05-31 23:00:00,29556096725,31877290606.11982,22158674480.680183
2019-06-01 23:00:00,29791250159,32221592465.061104,22981904559.538895
2019-06-02 23:00:00,28596480321,31997152497.86485,24095653802.13515
2019-06-03 23:00:00,25421419481,31809067429.606895,24432411457.193108
2019-06-04 23:00:00,25560686126,31838304849.072643,24373471799.32736
2019-06-05 23:00:00,25610591313,31841226560.586365,24367568457.613632
2019-06-06 23:00:00,27821907611,31723100620.208275,24300003533.791725
2019-06-07 23:00:00,24181422821,32044868757.86759,23190369252.93241
2019-06-08 23:00:00,25504616817,31443035878.781487,22899744635.018517
2019-06-09 23:00:00,22952329505,31123481857.297268,21875878318.502735
2019-06-10 23:00:00,20376924537,31072146542.26986,20091379195.930138
2019-06-11 23:00:00,20677584597,30080263645.838245,19260528979.961758
2019-06-12 23:00:00,30422471464,30933521859.080524,18772468995.319477
2019-06-13 23:00:00,29486765385,32015097867.233337,18503962167.96666
2019-06-14 23:00:00,23364499615,31894040369.948006,18185782363.051994
2019-06-15 23:00:00,25157917789,31837992722.420834,18151295305.779163
2019-06-16 23:00:00,25269387456,31298566305.43043,18180217691.769566
2019-06-17 23:00:00,25140719496,31386282111.970722,18284361220.229275
2019-06-18 23:00:00,26893818337,31646086496.425884,18302397139.774113
2019-06-19 23:00:00,27828453874,32189447149.55072,18734261360.44928
2019-06-20 23:00:00,30765888695,32940880149.291576,20060621192.308422
2019-06-21 23:00:00,30835850122,33009366055.76045,22023788390.83955
2019-06-22 23:00:00,33847656222,34470509785.27646,21247681612.92354
2019-06-23 23:00:00,34037156934,35967683549.67381,20660586158.326187
2019-06-24 23:00:00,40063015323,39814801419.25108,20153171430.348915
2019-06-25 23:00:00,40750923183,42813165889.50693,20273408038.893074
2019-06-26 23:00:00,41639379662,45134727348.76453,21225845020.835472
2019-06-27 23:00:00,40101173395,45880041716.479675,23472621432.920315
2019-06-28 23:00:00,42110124321,46822194174.360825,25573730171.839172
2019-06-29 23:00:00,43882802599,47628559290.046875,27978234801.153122
2019-06-30 23:00:00,44812842475,48566990505.343994,29849194341.856007
2019-07-01 23:00:00,43026439458,47931208808.34146,32923093906.058533
2019-07-02 23:00:00,45219353058,48008728367.453674,35119913714.14633
2019-07-03 23:00:00,45231555142,46777241823.649574,38590279899.55042
2019-07-04 23:00:00,52847463888,51197632723.53306,36726778712.66694
2019-07-05 23:00:00,40217612975,51256492790.66213,36561256603.937874
2019-07-06 23:00:00,45782692799,51568610328.8698,37077801693.1302
2019-07-07 23:00:00,45106022789,51436746366.02723,38210635534.77277
2019-07-08 23:00:00,53907224881,54426335728.44829,37580466284.351715
2019-07-09 23:00:00,51170629634,55589577050.85682,37874790368.943184
2019-07-10 23:00:00,55404291126,58050717458.677246,37531939691.322754
2019-07-11 23:00:00,53537178656,59085816565.571,38598988424.02901
2019-07-12 23:00:00,57592120908,61318688592.97447,38840669966.625534
2019-07-13 23:00:00,56371873439,62505184611.59521,39882237607.40479
2019-07-14 23:00:00,63534896985,66022849628.56506,38502059209.83493
2019-07-15 23:00:00,61821774684,66453618048.352295,42392123131.8477
2019-07-16 23:00:00,65728478857,68692865600.42672,44142032791.37328
2019-07-17 23:00:00,57028188600,66972808394.82005,48246523159.17995
2019-07-18 23:00:00,76447619168,74584929055.72096,45142481355.67904
2019-07-19 23:00:00,81926692676,81845157554.97809,44033465464.821915
2019-07-20 23:00:00,87206903691,89550024599.82857,42689120932.971436
2019-07-21 23:00:00,72394587611,89921493854.40005,46089133469.39995
2019-07-22 23:00:00,82611042780,92848157202.51785,48166254495.68216
2019-07-23 23:00:00,79547447016,93386035957.55815,52263490456.041855
2019-07-24 23:00:00,89382072707,97239720689.43398,53579240868.566025
2019-07-25 23:00:00,91413681864,100034817040.69226,56702525953.30774
2019-07-26 23:00:00,121411074866,116861208254.18878,51012653941.61121
2019-07-27 23:00:00,124134518163,126427494464.60669,54867633643.79331
2019-07-28 23:00:00,100542965216,127817738306.96342,58296459011.036575
2019-07-29 23:00:00,108614589518,130785233937.34344,60666542749.05655
2019-07-30 23:00:00,89287363778,130792719458.5842,61075149245.2158
2019-07-31 23:00:00,86408557187,128965460081.66943,65705202537.33057
2019-08-01 23:00:00,86726922424,128623634511.41368,66870204036.38631
2019-08-02 23:00:00,85732466904,127837719381.16052,68893123144.23947
2019-08-03 23:00:00,103177617528,128634126171.0946,70855825318.5054
2019-08-04 23:00:00,101276005277,129023482879.24512,72438933292.9549
2019-08-05 23:00:00,101777508464,123134577306.8822,74401125584.91779
2019-08-06 23:00:00,99617228769,113089817577.35077,79542427435.64923
2019-08-07 23:00:00,108103662212,115310325436.03082,78834058976.16919
2019-08-08 23:00:00,114524015219,117843030634.42545,77483238917.97455
2019-08-09 23:00:00,141336231161,136084756194.78683,69651286834.21317
2019-08-10 23:00:00,145878207269,149409671319.5334,68220301725.86659
2019-08-11 23:00:00,122480167440,150564555494.18033,74216066554.41968
2019-08-12 23:00:00,149246548107,158312762567.5193,79170675721.68071
2019-08-13 23:00:00,159000715648,169491005764.9284,79157052148.2716
2019-08-14 23:00:00,160201938313,177351945001.54172,83081299518.85828
2019-08-15 23:00:00,147699394168,178448212617.66663,91169409043.5334
2019-08-16 23:00:00,152798711608,177169014457.25995,103084903771.74007
2019-08-17 23:00:00,192067390144,190973733105.84018,106072930709.55984
2019-08-18 23:00:00,155606568628,187782205083.62433,117480969413.57568
2019-08-19 23:00:00,165706349478,190117754552.42096,120019443608.17902
2019-08-20 23:00:00,166648810982,192235978671.37506,122055340231.82495
2019-08-21 23:00:00,158466334812,186051640548.8396,135436911828.76038
2019-08-22 23:00:00,161233525506,185931062690.98657,137954885166.41345
2019-08-23 23:00:00,160458118554,186014984439.12225,138162443999.47772
2019-08-24 23:00:00,161964726145,186155429234.50443,138374556770.49557
2019-08-25 23:00:00,162742053485,185367992229.50073,142170525638.8993
2019-08-26 23:00:00,174127213015,186889731742.56,144914486407.24
2019-08-27 23:00:00,180074663786,179504300508.64404,149901372369.55597
2019-08-28 23:00:00,179901785625,183217931015.35532,151046785262.24466
2019-08-29 23:00:00,129453826656,192323701508.17554,134690510205.02446
2019-08-30 23:00:00,108794410751,202528842580.80206,112914489086.19794
2019-08-31 23:00:00,107949458174,207396813305.79874,97943143033.60129
2019-09-01 23:00:00,123082870087,206185629466.76782,91524195788.83215
2019-09-02 23:00:00,113569462682,204850655907.61478,83481438173.58524
2019-09-03 23:00:00,114296282087,201345705610.80563,77452699658.79434
2019-09-04 23:00:00,109110691916,196286291541.39435,71785841414.40562
2019-09-05 23:00:00,129374950373,185071012024.5257,74050668402.87431
2019-09-06 23:00:00,129917278649,167388524587.6276,81701678812.3724
2019-09-07 23:00:00,137718979613,142044782763.2113,98608859434.38869
2019-09-08 23:00:00,133314946813,143273030993.2072,98152835235.79279
2019-09-09 23:00:00,139800357663,147583698307.98532,100043357303.41467
2019-09-10 23:00:00,137084661638,148946814554.2012,104507281749.99881
2019-09-11 23:00:00,164140103349,163004205099.18634,98661337857.41365
2019-09-12 23:00:00,162599691959,171009150014.1776,100462438797.82239
2019-09-13 23:00:00,176913149331,182237352454.93875,101757609805.86124
2019-09-14 23:00:00,178705990443,187972275761.5562,109941746204.64378
2019-09-15 23:00:00,195551029644,201640019873.834,109509217946.56601
2019-09-16 23:00:00,191640525212,209056901150.4043,114436985982.5957
2019-09-17 23:00:00,165371323041,208710468775.94284,120313887042.65714
2019-09-18 23:00:00,162559147368,205967248583.96875,128905947345.63121
2019-09-19 23:00:00,239187944416,232095166309.35876,122655546970.84126
2019-09-20 23:00:00,282665419931,271040564156.81555,112826300781.98442
2019-09-21 23:00:00,299982774559,306923877769.10736,104111521411.69261
2019-09-22 23:00:00,294820207321,329338093948.20544,108141408304.99454
2019-09-23 23:00:00,305762852322,350293852778.94775,112955590072.4523
2019-09-24 23:00:00,284593662773,358774227045.3456,125652750272.05443
2019-09-25 23:00:00,269489312981,362329810925.59906,136884823059.20091
2019-09-26 23:00:00,242817294076,360162412350.45874,149287575407.14124
2019-09-27 23:00:00,256904480693,348721172257.5426,179035447030.45743
2019-09-28 23:00:00,244878550639,322061204981.3646,222159294960.8354
2019-09-29 23:00:00,231391759940,323747802024.9275,218913461022.0725
2019-09-30 23:00:00,333573107348,341973749396.0921,210869051134.30792
2019-10-01 23:00:00,349633059667,360903840440.01056,201869017111.98944
2019-10-02 23:00:00,258543764944,357860151048.25793,197657418028.34207
2019-10-03 23:00:00,255435018124,351317345588.7572,194134656648.24283
2019-10-04 23:00:00,260052033240,348748749471.2848,191794926859.11523
2019-10-05 23:00:00,273556070510,349179547465.642,192177480370.55798
2019-10-06 23:00:00,230531195366,350240146573.329,188659661520.87106
2019-10-07 23:00:00,229840178487,351134593588.8662,182352354064.1338
2019-10-08 23:00:00,233953015688,351569201947.569,179732638715.231
2019-10-09 23:00:00,255005525656,350993588970.4475,185031004835.55246
2019-10-10 23:00:00,254708949113,329247567740.5917,191004194418.40833
2019-10-11 23:00:00,264213477362,281588292501.32336,221579553196.67664
2019-10-12 23:00:00,254461861960,280868731234.29315,221482733866.90686
2019-10-13 23:00:00,248612966982,280064828087.5567,220922226785.2433
2019-10-14 23:00:00,278128004297,286341390275.158,218260858809.042
2019-10-15 23:00:00,290706474933,294021436184.36346,214010893784.43652
2019-10-16 23:00:00,221653301990,295757933898.47156,210498817395.12842
2019-10-17 23:00:00,247657785702,294601830418.83075,215218442317.76926
2019-10-18 23:00:00,232189772447,294852646214.62744,214614977873.7726
2019-10-19 23:00:00,259843998272,295467551051.45123,214967767560.14874
2019-10-20 23:00:00,366357690832,347350084416.4648,185414982538.93524
2019-10-21 23:00:00,355377292846,374009383621.5786,176988446430.62134
2019-10-22 23:00:00,332388663363,386617036107.93604,179966154224.864
2019-10-23 23:00:00,360946311456,405254028186.57074,183795831041.02924
2019-10-24 23:00:00,373167389127,424397983129.06775,183659753064.53223
2019-10-25 23:00:00,380171110207,441935948262.1693,184014714986.2307
2019-10-26 23:00:00,368426280026,443123174632.47424,212182084223.12576
2019-10-27 23:00:00,402640372196,452334284562.8341,233967491591.56595
2019-10-28 23:00:00,375990682706,435049419643.38416,280012538562.8158
2019-10-29 23:00:00,377194021889,405703328770.1123,332828634159.4877
2019-10-30 23:00:00,379702795866,407538520457.73785,333662463478.6622
2019-10-31 23:00:00,370994112332,407526694900.7347,336797652932.8653
2019-11-01 23:00:00,392037045609,401896707670.73376,354357316612.0663
2019-11-02 23:00:00,400403326782,406262873010.07745,357882554337.92255
2019-11-03 23:00:00,557394312449,513201554578.7926,287789257433.6074
2019-11-04 23:00:00,631895189367,608700661454.425,242634966389.97495
2019-11-05 23:00:00,649148557431,678994319889.4379,228485763435.9622
2019-11-06 23:00:00,679957616899,743969666136.4332,218973866129.56674
2019-11-07 23:00:00,772832127286,828873580444.8354,213438240737.16455
2019-11-08 23:00:00,789483979866,893933123886.1796,230836688891.22034
2019-11-09 23:00:00,746834524157,921932631671.875,276263526763.72516
2019-11-10 23:00:00,553409639642,901145751154.9747,333533512742.62537
2019-11-11 23:00:00,551339252159,875743567415.0083,390796137792.59174
2019-11-12 23:00:00,628231687584,836044501339.9714,476060876028.02856
2019-11-13 23:00:00,713699422266,840390586526.3259,502975812805.074
2019-11-14 23:00:00,793159471280,869911787582.6847,505707468131.3153
2019-11-15 23:00:00,825632997466,904342314445.2595,506573829275.7404
2019-11-16 23:00:00,934381660452,975196468087.8971,486604484343.703
2019-11-17 23:00:00,1113965863688,1109896954888.1133,420130744823.88684
2019-11-18 23:00:00,1095381447528,1199369996393.1516,391837196851.2483
2019-11-19 23:00:00,1212057787465,1321117381811.2563,363134464094.7436
2019-11-20 23:00:00,1229676331277,1398437176897.044,421068007335.95605
2019-11-21 23:00:00,1160666913037,1410229696509.9282,531141019898.6719
2019-11-22 23:00:00,1006953979636,1376371608009.1172,640743566809.8828
2019-11-23 23:00:00,1016981417690,1343171999022.555,734599574881.2451
2019-11-24 23:00:00,1125089513283,1325376707420.2986,818780874884.1013
2019-11-25 23:00:00,1041863002388,1282100365040.8936,905303218247.9065
2019-11-26 23:00:00,904756708457,1290840523060.7039,890638069829.0963
2019-11-27 23:00:00,964186755974,1290054871832.1543,861467899514.8456
2019-11-28 23:00:00,1237311478272,1327556196823.0225,852352580672.7776
2019-11-29 23:00:00,1255249504756,1343047957297.2568,845499163656.7432
2019-11-30 23:00:00,1412070405677,1424199235247.9087,800826700586.0913
2019-12-01 23:00:00,1679784877707,1641039685527.721,687809843240.279
2019-12-02 23:00:00,1623820717299,1767430464307.667,684792411992.9331
2019-12-03 23:00:00,1683077312589,1881513848778.3433,703928206502.0566
2019-12-04 23:00:00,1680986172561,1970768405680.4573,725852981455.5427
2019-12-05 23:00:00,1222324262406,1959081741472.1292,773631897667.471
2019-12-06 23:00:00,1012843977309,1935418677269.5063,818912415640.4938
2019-12-07 23:00:00,1139271028840,1904219141517.3193,885128805965.8809
2019-12-08 23:00:00,1067890525282,1920701387217.609,834762369667.5912
2019-12-09 23:00:00,1073495631230,1932110248676.142,787002733503.8579
2019-12-10 23:00:00,1119147090118,1920574294201.249,739954024866.9513
2019-12-11 23:00:00,1104894428883,1822371129598.002,723179099705.3981
2019-12-12 23:00:00,1897261758361,1946097910164.4675,654140527351.3323
2019-12-13 23:00:00,1990775054000,2079155091751.4775,582622894046.5223
2019-12-14 23:00:00,2371650033988,2382626048538.304,417284709545.0957
2019-12-15 23:00:00,3045582924192,2999132792298.841,165429698141.75903
2019-12-16 23:00:00,3074271813658,3420550422559.061,156297635151.33887
2019-12-17 23:00:00,1864530511914,3428031442656.3667,293868511668.8335
2019-12-18 23:00:00,1676380932746,3396552646930.7476,447045388887.25244
2019-12-19 23:00:00,1411972659735,3357608633217.131,553684808301.8694
2019-12-20 23:00:00,1527822261618,3311212226913.5605,681816248905.4392
2019-12-21 23:00:00,1664265401704,3239994667162.3555,864908003220.8445
2019-12-22 23:00:00,1714062754804,3237857125446.866,830405744224.9338
2019-12-23 23:00:00,1961480780254,3235539074977.878,826864939944.7224
2019-12-24 23:00:00,1990180846989,3173391856188.4043,812718321334.3955
2019-12-25 23:00:00,2111392521762,2831445810483.1436,967826286553.6561
2019-12-26 23:00:00,2471582147625,2459272414936.0737,1219461748894.1265
2019-12-27 23:00:00,2077457805219,2498766765145.021,1222552857346.1792
2019-12-28 23:00:00,2142984898108,2553723217244.3115,1260917198319.2886
2019-12-29 23:00:00,2132227793792,2534511521054.868,1424179921320.1316
2019-12-30 23:00:00,2352121784066,2560935850468.8584,1562615496395.7415
2019-12-31 23:00:00,2420843869105,2596556568575.566,1678310471769.234
2020-01-01 23:00:00,1961902731945,2539171524962.4995,1785263510810.5005
2020-01-02 23:00:00,2142089327283,2530871640737.7437,1829685104441.056
2020-01-03 23:00:00,1793086859506,2575006093496.6265,1746131854185.5737
2020-01-04 23:00:00,2353372306643,2614420644352.1577,1755113260306.2422
2020-01-05 23:00:00,2387140710293,2583663403147.2705,1768982214044.7295
2020-01-06 23:00:00,2629711850107,2720821229799.337,1742275196370.2627
2020-01-07 23:00:00,2485494232924,2775063123859.9946,1756535169272.8052
2020-01-08 23:00:00,2517814934545,2826890136551.6147,1781825584731.7856
2020-01-09 23:00:00,2641138400687,2897815053626.59,1768703990981.0098
2020-01-10 23:00:00,2969113428108,3082094436426.173,1694078519982.0273
2020-01-11 23:00:00,2843951300375,3153568575664.283,1799014094429.917
2020-01-12 23:00:00,2811239877241,3205796705749.676,1880616074336.124
2020-01-13 23:00:00,2759710005316,3050053925271.989,2229683483975.811
2020-01-14 23:00:00,2758466013821,3041943716420.1226,2318812434263.278
2020-01-15 23:00:00,2235567787665,3088809922848.3696,2241631643309.43
2020-01-16 23:00:00,3504148949274,3429187636450.804,2076141349540.396
2020-01-17 23:00:00,3473464931911,3634717653507.742,2068205472280.8574
2020-01-18 23:00:00,3558594359533,3814672730390.4414,2096406280395.7588
2020-01-19 23:00:00,2446612333565,3834758027173.232,2037415770188.5679
2020-01-20 23:00:00,3485211817893,3951700821128.7627,2023692654190.037
2020-01-21 23:00:00,3712701197263,4132962495658.1426,2016180959038.258
2020-01-22 23:00:00,2325783335607,4178454114503.999,1873598031865.6003
2020-01-23 23:00:00,3864224834231,4383315510927.118,1889639601225.4812
2020-01-24 23:00:00,3565453402010,4459730238025.411,1974622351764.9895
2020-01-25 23:00:00,3432851016735,4372595968154.273,2301213267450.1274
2020-01-26 23:00:00,3528881470647,4376960651760.171,2301795088118.829
2020-01-27 23:00:00,4213641846206,4589806778042.218,2236984344695.782
2020-01-28 23:00:00,4222724707591,4762807964516.683,2196809227832.9172
2020-01-29 23:00:00,2652804533445,4714399495036.983,2286456137288.616
2020-01-30 23:00:00,4479340877089,4962044211385.934,2237637232778.866
2020-01-31 23:00:00,4338307853722,5102857199523.468,2221945575933.132
2020-02-01 23:00:00,3184081085197,4910055230410.032,2586407094964.5674
2020-02-02 23:00:00,2064959819132,5136508381574.99,2000100940779.8098
2020-02-03 23:00:00,3401175306657,5123651065948.578,1980102637335.6218
2020-02-04 23:00:00,1677174452027,5348411156076.97,1404207234265.6296
2020-02-05 23:00:00,1718565980064,5421163624515.902,969391667710.0977
2020-02-06 23:00:00,3483044098784,5245124207851.986,999311534889.6135
2020-02-07 23:00:00,3671645171028,5089268461975.92,1044951373453.0803
2020-02-08 23:00:00,2941598851153,5100018126323.703,1091960572646.8965
2020-02-09 23:00:00,3942719524756,4905513231637.209,1179141196866.7913
2020-02-10 23:00:00,1747929871092,4564135988632.175,1002442843345.8254
2020-02-11 23:00:00,3956378469186,4780188373475.87,940849935299.9294
2020-02-12 23:00:00,2026326000066,4783582698929.875,929728846032.7249
2020-02-13 23:00:00,2044574694602,4668449232227.498,773542190324.1013
2020-02-14 23:00:00,3864263520136,4857163218414.307,1022246017759.0933
2020-02-15 23:00:00,3970423189708,4970630808933.346,1359149869168.8547
2020-02-16 23:00:00,2020273671147,4942905687964.404,1094320904610.3955
2020-02-17 23:00:00,4173014976484,5092232771184.3955,1045267782481.6047
2020-02-18 23:00:00,3773107329293,5220007493983.778,1083794755310.2217
2020-02-19 23:00:00,3579276877481,5134075693660.847,1097038026178.1536
2020-02-20 23:00:00,3771118309480,5121263777201.911,1514487630314.6885
2020-02-21 23:00:00,4201570087083,5190479436899.177,1494310294196.823
2020-02-22 23:00:00,4138675121549,5205633331331.438,1901626224061.1611
2020-02-23 23:00:00,3622121783699,4979644685460.01,2443124287751.9907
2020-02-24 23:00:00,3234880614819,4945136085117.103,2351756307031.497
2020-02-25 23:00:00,2336715639782,4995517368435.137,1974633513728.264
2020-02-26 23:00:00,3433908436020,4740064796927.557,2512813038210.443
2020-02-27 23:00:00,2078483128022,4823175418037.042,2010796047408.5579
2020-02-28 23:00:00,3394407398706,4762899127629.457,1995332351698.7437
2020-02-29 23:00:00,4257136278915,4936619519648.025,1957183839966.9746
2020-03-01 23:00:00,4376965592110,5101437565873.335,1913535250267.665
2020-03-02 23:00:00,4660140252043,5258546016794.982,1848140832338.0176
2020-03-03 23:00:00,4690023014363,5429514497054.39,1787441930641.4102
2020-03-04 23:00:00,4622472798248,5639467970465.332,1777558660140.2673
2020-03-05 23:00:00,5255813037691,6034618478545.736,1786594636634.2637
2020-03-06 23:00:00,5216140615561,6147781117866.144,2249316992469.6562
2020-03-07 23:00:00,5466500276825,6419372198524.764,2384244279972.037
2020-03-08 23:00:00,3973445881998,5853636764402.228,3328972264889.7725
2020-03-09 23:00:00,4909998455513,5691462022976.141,3794265217677.2593
2020-03-10 23:00:00,5222676986532,5764548437831.979,3914286944344.8228
2020-03-11 23:00:00,4276489092002,5778689711600.934,3880050370554.2656
2020-03-12 23:00:00,4671178663707,5778944285605.867,3882003478882.133
2020-03-13 23:00:00,3325901192634,6040995821400.015,3347127578742.1846
2020-03-14 23:00:00,3346317047971,6162337274590.176,2970554975496.625
2020-03-15 23:00:00,3666657598988,6014778804170.077,2800282358176.122
2020-03-16 23:00:00,3419667694946,5835033536123.365,2620733042099.835
2020-03-17 23:00:00,4763606125776,5574165276101.066,2741022471912.3345
2020-03-18 23:00:00,4699313476670,5678839626737.893,2781521640209.907
2020-03-19 23:00:00,6606536378398,6467465301922.473,2332203549602.3286
2020-03-20 23:00:00,6179869444098,6806763291005.786,2184344052032.2139
2020-03-21 23:00:00,6149098578358,7208624248488.434,2157004991820.766
2020-03-22 23:00:00,6086000216409,7501192120265.588,2147401430584.0117
2020-03-23 23:00:00,7550588075671,8192621804162.471,2300909123294.53
2020-03-24 23:00:00,7332660349296,8526434835697.211,2764364752024.7886
2020-03-25 23:00:00,4193796439008,8433865505710.3125,2962361850015.687
2020-03-26 23:00:00,5407238498521,8141668115666.93,3652073400774.0703
2020-03-27 23:00:00,4380647866121,8200272946233.533,3516876918276.4663
2020-03-28 23:00:00,5714890490316,8162313875923.131,3757951391316.0684
2020-03-29 23:00:00,4315230073892,8104416156804.447,3357587849533.553
2020-03-30 23:00:00,4165578783949,8069721171228.814,2989424703079.3853
2020-03-31 23:00:00,6335025936981,8111087614990.408,2985243731042.3926
2020-04-01 23:00:00,6064273815630,8106924668680.396,2985061397196.6035
2020-04-02 23:00:00,4475231574856,7443369217897.623,3033545547816.3765
2020-04-03 23:00:00,4772999470210,6630986915256.189,3333995674640.611
2020-04-04 23:00:00,4807236415837,6605245468542.768,3482425116719.8325
2020-04-05 23:00:00,3413817491592,6683940852974.75,3005045530902.051
2020-04-06 23:00:00,2983502614104,6882030683874.063,2527526649599.337
2020-04-07 23:00:00,3142724045013,6700860246949.559,2194263797463.2427
2020-04-08 23:00:00,5553598336547,6926204147370.242,2216593549573.5586
2020-04-09 23:00:00,2910345830940,7020395073911.808,1871356032430.1924
2020-04-10 23:00:00,2139988091925,6599889272882.9375,1452854264447.8623
2020-04-11 23:00:00,2209916823325,6003852328652.89,1278019810216.9102
2020-04-12 23:00:00,3983492633402,5897282612912.547,1286241737666.4531
2020-04-13 23:00:00,3960564934068,5684546631042.245,1336490812308.3542
2020-04-14 23:00:00,3895299099379,5421302926736.465,1417347053322.535
2020-04-15 23:00:00,5566222124392,6053349595582.76,1215781311036.2402
2020-04-16 23:00:00,3515691462857,6065980512084.617,1309588164284.982
2020-04-17 23:00:00,3690802853412,6090022747516.22,1395161690533.1807
2020-04-18 23:00:00,3331851896283,5497375555134.18,1543459594862.4197
2020-04-19 23:00:00,5004387007402,5857448782233.067,1602194603055.9329
2020-04-20 23:00:00,3446127318306,5694387629070.855,2026483601494.3452
2020-04-21 23:00:00,4576715081367,5557142163289.349,2637088718884.251
2020-04-22 23:00:00,1747395775048,5960985364416.125,1786026146086.6746
2020-04-23 23:00:00,4417663167343,6034994303205.246,1803436853952.5535
2020-04-24 23:00:00,4617091415603,6152313277191.886,1830476343210.7139
2020-04-25 23:00:00,3715961242051,5663483024065.174,1949254419869.2266
2020-04-26 23:00:00,4149737688268,5726074680359.516,2013472008657.084
2020-04-27 23:00:00,2014549514683,5901341343336.699,1502954677934.101
2020-04-28 23:00:00,6322152696316,6726787576897.277,1275568604380.1226
2020-04-29 23:00:00,5739781490079,6955871941527.219,1193563136285.5815
2020-04-30 23:00:00,6121352543836,7451743075244.044,1232737047674.7559
2020-05-01 23:00:00,6628318816445,7979635857099.4,1115165012834.9995
2020-05-02 23:00:00,6579206672191,8046031431750.104,2015131617612.8965
2020-05-03 23:00:00,8921452865457,9321904217232.113,1640016771753.6875
2020-05-04 23:00:00,7050605670656,9629819516169.84,1818804323826.5596
2020-05-05 23:00:00,7915496599867,9992695709906.422,2295835201653.177
2020-05-06 23:00:00,5545238551477,9905318277936.86,2662312806264.5405
2020-05-07 23:00:00,3388367315126,9363428911723.18,3478965732566.8213
2020-05-08 23:00:00,8324486095701,9796990073764.523,3445871250402.476
2020-05-09 23:00:00,3742265903098,10061134321676.27,2782223885094.5312
2020-05-10 23:00:00,4265578440521,10124366739869.94,2347836646237.862
2020-05-11 23:00:00,6993161071799,10183985501068.473,2361186336110.1274
2020-05-12 23:00:00,4838476808916,10103093291317.885,2093932573205.7148
2020-05-13 23:00:00,6576070847169,9378483305645.914,2349466155220.0864
2020-05-14 23:00:00,6687242999144,9294815226565.246,2360461699998.3525
2020-05-15 23:00:00,4566172623482,8700911202425.24,2284500928861.3594
2020-05-16 23:00:00,4668282318456,8654510580219.613,2155510304462.787
2020-05-17 23:00:00,7047970671745,8829766054196.523,2712175501809.677
2020-05-18 23:00:00,2697526282344,8249536752194.57,2167012841140.2305
2020-05-19 23:00:00,4932924156255,8202192218259.408,2452489025706.791
2020-05-20 23:00:00,7376299220005,8671487440265.06,2605337959597.9404
2020-05-21 23:00:00,5702200421210,8392296431169.996,2626336838575.2036
2020-05-22 23:00:00,5401950041784,8412165861508.983,2719162054809.8174
2020-05-23 23:00:00,2967340878860,8378212317785.106,2031369604871.8936
2020-05-24 23:00:00,2740243693638,8141911075679.91,1478270985875.8901
2020-05-25 23:00:00,4005238430922,8122751593328.699,1385243629715.101
2020-05-26 23:00:00,5718681533472,8280997123282.739,1437077942764.2607
2020-05-27 23:00:00,4659927381221,7677102206732.086,1563364201210.1133
2020-05-28 23:00:00,4270163263081,7542631945949.408,2012361858140.191
2020-05-29 23:00:00,5008758705446,7552524896389.475,2017635817538.3257
2020-05-30 23:00:00,6157403087146,6996759263122.134,2329622224233.866
2020-05-31 23:00:00,3416960241447,6763594630256.545,2105738821146.856
2020-06-01 23:00:00,3631387842252,6528187286721.988,1987033724775.0112
2020-06-02 23:00:00,5415023535647,6680615748540.175,2324141794314.2256
2020-06-03 23:00:00,2943562412878,6630502146448.033,2414919140254.3677
2020-06-04 23:00:00,4004623007262,6630507789727.952,2414790412242.448
2020-06-05 23:00:00,2975233017607,6378328302049.617,2118280196747.7827
2020-06-06 23:00:00,3326563707620,6296775664697.553,1933160099379.6475
2020-06-07 23:00:00,3158488692986,6262396498195.336,1745204351862.8638
2020-06-08 23:00:00,1884873892806,6184234473454.92,1198589414075.2808
2020-06-09 23:00:00,2975978927265,5186854741110.401,1559684314443.5986
2020-06-10 23:00:00,2726740641563,5162431375966.207,1446063759610.9937
2020-06-11 23:00:00,3787234266888,5192766032149.337,1446898388355.0632
2020-06-12 23:00:00,3080791417077,4244027690206.552,1928790306583.8489
2020-06-13 23:00:00,2869787187102,4241625876077.4478,1916437075557.7524
2020-06-14 23:00:00,6044335729698,5449559129859.836,1116446366262.565
2020-06-15 23:00:00,5946922144932,6302921534562.8545,857421787024.5459
2020-06-16 23:00:00,6117016020800,7005479251078.609,712954533144.7905
2020-06-17 23:00:00,5536335140514,7364958126270.109,829044947458.8911
2020-06-18 23:00:00,4284902352351,7211779732513.811,1462229033124.19
2020-06-19 23:00:00,4191322101263,7176043853738.525,1741033546699.0737
2020-06-20 23:00:00,4380452248339,7059696191046.503,2188123530746.2979
2020-06-21 23:00:00,4023115186743,7051636797446.54,2243359108317.2607
2020-06-22 23:00:00,3120665475295,7044180456064.632,2258790261342.7686
2020-06-23 23:00:00,4735205552456,6878267839376.391,2797786551101.8086
2020-06-24 23:00:00,3725859868432,6562367749809.547,2649991468415.453
2020-06-25 23:00:00,3265422123505,6210758803199.374,2465300410740.2256
2020-06-26 23:00:00,5090215412265,5753618563641.83,2717080528590.769
2020-06-27 23:00:00,1738580616590,5774551188112.053,1936596999335.7476
2020-06-28 23:00:00,3114800077074,5683708694439.805,1793419037952.596
2020-06-29 23:00:00,4061595047352,5659010712919.707,1792171608690.4934
2020-06-30 23:00:00,1501615752973,5756634824018.811,1118780198518.19
2020-07-01 23:00:00,2515824256446,5632582129037.715,941374707439.8853
2020-07-02 23:00:00,2598434380563,5619739640738.683,849770976792.5176
2020-07-03 23:00:00,2471363669608,5180646522229.432,836095718732.168
2020-07-04 23:00:00,3782370446487,5194870275907.77,833174080664.8298
2020-07-05 23:00:00,1903222266049,5156821194307.154,598783190774.2461
2020-07-06 23:00:00,2077580011145,4279388969098.0386,873688335759.3618
2020-07-07 23:00:00,3863106400276,4556103768448.171,1021878693146.429
2020-07-08 23:00:00,4301124954703,4914911047243.6045,900336389876.7959
2020-07-09 23:00:00,3996899783138,4892263253745.373,910045130532.2268
2020-07-10 23:00:00,5138356577138,5439831487912.336,1089825061198.2637
2020-07-11 23:00:00,6431388224563,6529777437942.006,782991904791.9937
2020-07-12 23:00:00,2739908150951,6522084248847.852,818979847963.7476
2020-07-13 23:00:00,2903400775201,6496808191863.889,930663326066.3115
2020-07-14 23:00:00,4063343030487,6533644642647.266,950021392082.9346
2020-07-15 23:00:00,2844440561358,6407008403292.878,1264901290499.122
2020-07-16 23:00:00,3809619706136,6268168157118.633,1750149475671.5674
2020-07-17 23:00:00,1336645777592,6582166779488.1,930858728765.3008
2020-07-18 23:00:00,5338011467627,6846223945898.184,874178864940.0161
2020-07-19 23:00:00,3022314733145,6792237167322.9,733248633516.6987
2020-07-20 23:00:00,4353800448153,6593705947276.974,774868627765.626
2020-07-21 23:00:00,4957191953892,5931492231059.465,1142243089848.936
2020-07-22 23:00:00,4605498816484,6132741577660.379,1314111876354.621
2020-07-23 23:00:00,6566613078777,7005616361855.895,1173879552874.3052
2020-07-24 23:00:00,4789155923807,7111223057410.257,1213435435983.9434
2020-07-25 23:00:00,6946480144108,7831567543832.115,1313498866112.084
2020-07-26 23:00:00,7015236159677,8436796548500.716,1349393152151.6846
2020-07-27 23:00:00,6169106069204,7949683388922.729,2802998370052.072
2020-07-28 23:00:00,6836156748907,8259070461778.804,2793240353451.997
2020-07-29 23:00:00,4174921730817,7972712322599.233,3310119892165.966
2020-07-30 23:00:00,6679279771783,8095779222424.84,3652148857066.36
2020-07-31 23:00:00,8466167531911,8871015873317.422,3578707321777.577
2020-08-01 23:00:00,4800621609006,8839849808578.395,3648897945021.007
2020-08-02 23:00:00,4308741969689,8869719019341.89,3167454512439.9106
2020-08-03 23:00:00,4970126126542,8855244768917.688,3218122803411.113
2020-08-04 23:00:00,8208402300321,9261551752585.791,3064200250985.609
2020-08-05 23:00:00,6890313082109,9234761316022.97,3066006072034.83
2020-08-06 23:00:00,5769399508852,9204058054436.559,3016768021550.842
2020-08-07 23:00:00,4288139682873,9099660652664.662,2611562010115.937
2020-08-08 23:00:00,3844650544308,9148376605904.613,2496791819574.187
2020-08-09 23:00:00,3926615521551,9010782193006.959,2083853382425.441
2020-08-10 23:00:00,3899463109873,8004242305343.041,2177052385681.7603
2020-08-11 23:00:00,5150220050508,8032116524066.862,2219097855258.337
2020-08-12 23:00:00,3322150248005,8117823044982.113,1936072990006.287
2020-08-13 23:00:00,4161934065275,8085491588141.503,1806766034593.497
2020-08-14 23:00:00,3373847528795,6739849468557.839,2185497199871.962
2020-08-15 23:00:00,2768814964351,5807350439668.849,2293696605209.3516
2020-08-16 23:00:00,5104997225024,5483376302522.816,2484790285589.783
2020-08-17 23:00:00,4672436649527,5575193908121.863,2469832073321.537
2020-08-18 23:00:00,6853705598385,6680715994945.3,1966120997313.5
2020-08-19 23:00:00,7158009968873,7578086255173.396,1715029626549.8032
2020-08-20 23:00:00,6924619656246,8149937253897.668,1748209937100.1323
2020-08-21 23:00:00,6178588285003,8346210594976.498,1757610242920.3032
2020-08-22 23:00:00,6497537833903,8532246143222.627,2206652211853.7734
2020-08-23 23:00:00,6464399419805,8706539704327.884,2492851721654.5166
2020-08-24 23:00:00,5996841220558,8548040824644.2295,3175949339690.7705
2020-08-25 23:00:00,6109720876006,7775232206629.26,4616939140036.74
2020-08-26 23:00:00,5881039560201,7681507662009.551,4865872151691.85
2020-08-27 23:00:00,5561336311170,7378849907505.77,5346309838524.23
2020-08-28 23:00:00,5779851762974,7267751676421.384,5242637302526.417
